{
  "project_info": {
    "project_number": "279364420899",
    "project_id": "feri-project-3182d",
    "storage_bucket": "feri-project-3182d.appspot.com"
  },
  "client": [
    {
      "client_info": {
        "mobilesdk_app_id": "1:279364420899:android:0a006952fcfaad2f13f896",
        "android_client_info": {
          "package_name": "com.example.feri_kusuma_wardhana_tugas_6_2"
        }
      },
      "oauth_client": [],
      "api_key": [
        {
          "current_key": "AIzaSyCjDDNPey3rryY4wHMdK6C_YI6DhetrfMU"
        }
      ],
      "services": {
        "appinvite_service": {
          "other_platform_oauth_client": []
        }
      }
    }
  ],
  "configuration_version": "1"
}