{
  "project_info": {
    "project_number": "422659179131",
    "project_id": "kusuma-69ba9",
    "storage_bucket": "kusuma-69ba9.appspot.com"
  },
  "client": [
    {
      "client_info": {
        "mobilesdk_app_id": "1:422659179131:android:9137d57a3c1777b95d98de",
        "android_client_info": {
          "package_name": "com.example.feri_kusuma_wardhana_6_2"
        }
      },
      "oauth_client": [],
      "api_key": [
        {
          "current_key": "AIzaSyCP3lugW28JSCz9I3aybN4C3iOfGin-sWs"
        }
      ],
      "services": {
        "appinvite_service": {
          "other_platform_oauth_client": []
        }
      }
    }
  ],
  "configuration_version": "1"
}